observationId,dancerId,siteNo,hiveNo,sampY,sampM,sampD,sampT,waggleDuration,waggleLength,waggleOrientation,waggleDirection,pollenColor,pollenAbundance
1565,44767,6,20,2019,3,9,12,1.941,,-1.117013333,3.802901506,,
1190,48213,1,8,2019,7,11,12,0.99,,1.665349057,0.317243844,,
1012,47972,2,8,2019,5,15,14,2.5,,0.660878225,2.816737413,,
1627,77265,6,20,2019,4,2,13,2.826,,-1.169373333,4.186397552,,
1755,63372,6,20,2019,6,7,12,1.178,,-4.1888,6.719512463,,
948,53693,2,8,2019,5,14,14,1.65,,0.191050041,3.258211374,,
1254,65789,1,8,2019,7,11,13,1.25,,-1.509064251,4.452520847,,
820,46842,1,8,2018,4,29,15,1.32,,1.421696658,2.526823521,,
1595,48695,6,20,2019,3,9,13,1.351,,-2.530733333,5.521188736,,
852,41147,1,8,2019,4,30,11,1.65,,-0.001792312,2.556450605,,
1659,86279,6,20,2019,5,2,12,0.609,,-4.799666667,7.482904911,,
1723,81839,6,20,2019,5,20,12,1.328,,-3.909546667,6.356063366,,
916,18399,1,8,2019,4,30,13,1.11,,1.231317604,2.648843288,,
1787,12131,6,20,2019,8,4,12,2.117500067,,0.10346336,2.833106041,,
786,71734,1,8,2019,4,26,15,1.96,,1.211897464,2.485846519,,
1222,53435,1,8,2019,7,11,12,1.3,,1.577654449,0.533279479,,
980,31677,2,8,2019,5,15,13,1.95,,0.034934083,2.987090111,,
1286,67263,1,8,2019,7,11,13,1.39,,-0.862127171,3.76061511,,
1111,53513,1,8,2019,7,11,12,1.1,,2.168554793,0.036166653,,
1579,46571,6,20,2019,3,9,13,2.083,,-0.244346667,3.33271122,,
836,34634,1,8,2018,4,29,15,1.34,,-0.060442013,3.820403337,,
1611,93449,6,20,2019,4,2,12,1.467,,-5.672333333,8.57923317,,
1127,22865,1,8,2019,7,11,12,1.32,,-1.577863152,4.13452673,,
1643,65273,6,20,2019,5,2,12,0.409,,-4.50296,7.221650124,,
868,17429,1,8,2019,4,30,11,1.73,,3.123478735,-0.693758428,,
1675,16842,6,20,2019,5,2,12,0.6,,-3.124146667,5.772887707,,
1707,29885,6,20,2019,5,20,12,0.96,,-4.03172,6.754073143,,
900,86527,1,8,2019,4,30,12,1.49,,-2.840968291,5.496148109,,
1739,27431,6,20,2019,5,20,13,1.743,,-4.049173333,6.944425583,,
1159,86158,1,8,2019,7,11,12,1.4,,2.037969547,0.0729644,,
1771,35872,6,20,2019,7,16,12,0.507499993,,5.91644438,-2.996594429,,
932,82161,1,8,2019,4,30,13,1.37,,-1.585485676,5.321602345,,
1174,72714,1,8,2019,7,11,12,1.19,,1.100011293,0.923199356,,
1095,47514,1,8,2019,7,11,12,1.2,,2.276157357,-0.062765002,,
1206,53217,1,8,2019,7,11,12,1.52,,1.710971612,0.369673699,,
964,73564,2,8,2019,5,15,13,1.83,,0.024223936,3.330921412,,
1238,13134,1,8,2019,7,11,12,1.51,,1.771560316,0.283465177,,
802,76232,1,8,2019,4,26,15,1.2,,1.049274417,2.525113821,,
1270,48497,1,8,2019,7,11,13,1.23,,2.859913359,-0.063615635,,
996,54735,2,8,2019,5,15,13,1.93,,-0.005925215,3.091877699,,
1549,29975,6,20,2019,3,9,12,1.736,,-1.745333333,4.639289856,,
1063,65726,1,8,2019,7,10,14,0.35,,3.052997257,0.198702484,,
1571,34732,6,20,2019,3,9,12,1.374,,-3.577933333,6.297426224,,
828,18599,1,8,2018,4,29,15,2.02,,-0.546895063,4.58493185,,
1587,16475,6,20,2019,3,9,13,4.503,,-3.50812,6.553532124,,
1119,19746,1,8,2019,7,11,12,1.13,,-1.569505291,4.060482979,,
1603,66472,6,20,2019,4,2,12,1.642,,-5.829413333,8.678975105,,
844,23646,1,8,2018,4,29,15,0.71,,-3.1266948,6.93360424,,
1619,47776,6,20,2019,4,2,13,1.66,,-5.986493333,9.040763855,,
1071,69582,1,8,2019,7,10,14,2.78,,-2.198717883,5.442702293,,
1635,62417,6,20,2019,4,2,13,1.66,,-6.17848,9.13640976,,
860,92535,1,8,2019,4,30,11,1.5,,-0.010670283,2.491179228,,
1651,14385,6,20,2019,5,2,12,0.879,,-4.03172,6.833494186,,
1135,57582,1,8,2019,7,11,12,2.65,,-0.50306715,3.208653212,,
1667,43299,6,20,2019,5,2,12,1.01,,-5.061466667,7.50302124,,
876,32241,1,8,2019,4,30,11,1.3,,-0.065901413,2.39010334,,
1683,63587,6,20,2019,5,2,13,0.523,,-5.375626667,8.458303452,,
1699,66465,6,20,2019,5,2,13,1.377,,-5.166186667,8.025687218,,
892,88368,1,8,2019,4,30,12,1.85,,-2.179079749,5.185236931,,
1715,49699,6,20,2019,5,20,12,1.423,,-6.213386667,8.831493378,,
1151,61142,1,8,2019,7,11,12,2.15,,-3.135136411,5.553091049,,
1731,67188,6,20,2019,5,20,13,1.488,,-5.934133333,9.016386032,,
908,22328,1,8,2019,4,30,12,0.8,,-0.216806497,2.954024553,,
1747,54411,6,20,2019,5,20,13,0.685,,-4.24116,7.323412418,,
1087,83426,1,8,2019,7,11,12,1.18,,1.846104523,0.478626102,,
1763,84169,6,20,2019,6,7,13,2.918,,-1.082106667,4.140182018,,
924,82352,1,8,2019,4,30,13,2.49,,-0.306534486,4.146982193,,
1779,94521,6,20,2019,8,4,12,0.460000008,,3.061314667,-0.157285601,,
1167,24974,1,8,2019,7,11,12,0.99,,1.865067683,0.147802815,,
1795,37658,6,20,2019,8,4,12,2.127500057,,0.189263947,2.780222416,,
940,26131,2,8,2019,5,14,14,1.119,,0.460485035,2.753452063,,
1182,37138,1,8,2019,7,11,12,0.83,,1.558407781,0.447639763,,
1055,98425,1,8,2019,7,10,14,1.2,,0.596058104,2.67104435,,
1198,77177,1,8,2019,7,11,12,1.31,,2.157625071,-0.165059745,,
956,36263,2,8,2019,5,15,13,1.2,,1.008948928,2.269185066,,
1214,87199,1,8,2019,7,11,12,1.42,,1.637267955,0.439668268,,
794,84213,1,8,2019,4,26,15,0.65,,1.519224589,2.140107155,,
1230,99658,1,8,2019,7,11,12,2.1,,2.834057331,-0.786208034,,
972,73333,2,8,2019,5,15,13,1.9,,0.521058084,2.868609428,,
1246,67544,1,8,2019,7,11,12,1.31,,-1.532887777,3.587913275,,
1103,53682,1,8,2019,7,11,12,1.17,,2.141234782,0.00919013,,
1262,76361,1,8,2019,7,11,13,2.13,,3.039816254,0.010516766,,
988,21518,2,8,2019,5,15,13,2.5,,-0.025778043,3.069059849,,
1278,52371,1,8,2019,7,11,13,1.05,,3.042946023,-0.188765302,,
810,11969,1,8,2018,4,29,15,1.83,,-3.11697674,6.739013672,,
1541,65328,6,20,2019,3,9,12,1.451,,-5.65488,8.381843567,,
1004,43739,2,8,2019,5,15,13,1.85,,0.555921946,2.847454548,,
1557,39693,6,20,2019,3,9,12,1.755,,-0.68068,3.322517395,,
1039,49579,1,8,2019,7,10,13,1.83,,3.14001044,-0.234827787,,
1567,51333,6,20,2019,3,9,12,1.393,,-1.78024,4.477276802,,
824,81696,1,8,2018,4,29,15,2.09,,-0.976888099,4.979873657,,
1575,82436,6,20,2019,3,9,13,2.764,,-6.07376,9.199021339,,
1115,34886,1,8,2019,7,11,12,1.59,,-1.596894514,3.951719522,,
1583,55214,6,20,2019,3,9,13,5.127,,-3.45576,6.525699615,,
832,55482,1,8,2018,4,29,15,1.42,,-0.102297694,3.752787828,,
1591,21247,6,20,2019,3,9,13,1.333,,-2.268933333,5.302102089,,
1067,62721,1,8,2019,7,10,14,1.3,,-0.598116066,3.84210062,,
1599,49432,6,20,2019,3,9,13,1.506,,-4.485506667,7.635381699,,
840,79241,1,8,2018,4,29,15,1.52,,0.752198803,2.942923307,,
1607,21786,6,20,2019,4,2,12,1.548,,0,2.878087521,,
1123,98368,1,8,2019,7,11,12,0.39,,-1.591095448,4.123455524,,
1615,54619,6,20,2019,4,2,13,5.556,,-0.558506667,3.627724409,,
848,18767,1,8,2018,4,29,15,1.47,,0.800915056,3.258538485,,
1623,36661,6,20,2019,4,2,13,2.499,,-0.89012,3.922019005,,
1043,11657,1,8,2019,7,10,13,1.46,,-0.01313121,2.910840273,,
1631,31983,6,20,2019,4,2,13,1.578,,-1.082106667,4.069494724,,
856,69942,1,8,2019,4,30,11,1.53,,-0.038954134,2.556092501,,
1639,53489,6,20,2019,5,2,12,1.229,,-1.553346667,3.929163694,,
1131,63142,1,8,2019,7,11,12,1.32,,2.558338501,0.023107113,,
1647,11613,6,20,2019,5,2,12,2.345,,-4.991653333,7.737540722,,
864,85169,1,8,2019,4,30,11,1.76,,0.003413482,2.471935272,,
1655,17355,6,20,2019,5,2,12,0.917,,-4.433146667,7.253968716,,
1075,88997,1,8,2019,7,11,12,1.4,,2.31324529,-0.050544705,,
1663,76973,6,20,2019,5,2,12,0.619,,-0.541053333,2.936004162,,
872,33147,1,8,2019,4,30,11,0.92,,-3.137918763,5.509044647,,
1671,72999,6,20,2019,5,2,12,0.775,,-4.81712,7.300881863,,
1139,85689,1,8,2019,7,11,12,1.4,,2.395671041,0.05537485,,
1679,52455,6,20,2019,5,2,12,2.237,,-1.535893333,4.375959873,,
880,13719,1,8,2019,4,30,12,1.07,,-0.028734842,2.666764021,,
1687,17924,6,20,2019,5,2,13,1.169,,-3.839733333,6.880917072,,
1695,95115,6,20,2019,5,2,13,0.927,,-5.81196,8.791469574,,
888,46525,1,8,2019,4,30,12,2.05,,3.127871558,-0.173232108,,
1703,42853,6,20,2019,5,2,13,0.911,,-0.610866667,3.73520565,,
1147,42276,1,8,2019,7,11,12,0.6,,-1.824800343,4.226595879,,
1711,34332,6,20,2019,5,20,12,0.96,,-6.12612,8.795161247,,
896,53269,1,8,2019,4,30,12,1.6,,-2.256454918,5.28853035,,
1719,61883,6,20,2019,5,20,12,1.175,,-0.57596,3.099465132,,
1083,66572,1,8,2019,7,11,12,0.87,,2.24903607,0.051334355,,
1727,61858,6,20,2019,5,20,12,0.75,,-3.473213333,5.864922047,,
904,67446,1,8,2019,4,30,12,1.58,,0.000547,2.666152716,,
1735,16344,6,20,2019,5,20,13,1.123,,-3.752466667,6.74628067,,
1155,76475,1,8,2019,7,11,12,1.4,,2.430547536,0.014910962,,
1743,25168,6,20,2019,5,20,13,1.808,,-1.431173333,4.278600693,,
912,96746,1,8,2019,4,30,12,1.4,,-0.009175374,2.776453018,,
1751,25589,6,20,2019,6,7,12,0.665,,-4.433146667,6.866744995,,
1051,62464,1,8,2019,7,10,14,2,,-2.619235969,5.894024849,,
1759,64119,6,20,2019,6,7,12,1.675,,-0.349066667,3.037775993,,
920,34753,1,8,2019,4,30,13,1.42,,2.861004345,0.999442458,,
1767,91411,6,20,2019,7,16,12,0.397500008,,5.894514267,-3.114616394,,
1163,55138,1,8,2019,7,11,12,1.23,,1.939543217,0.069908835,,
1775,88488,6,20,2019,7,16,12,0.872500002,,2.446904973,0.593862295,,
928,48989,1,8,2019,4,30,13,0.69,,-2.955995846,6.765905857,,
1783,35462,6,20,2019,8,4,12,2.066999912,,0.193697093,2.764778376,,
1091,21358,1,8,2019,7,11,12,1.09,,1.882352375,0.457306057,,
1791,95952,6,20,2019,8,4,12,0.3075,,2.394248267,0.520582497,,
936,19845,1,8,2019,4,30,13,1.17,,0.8982476,2.771793604,,
1170,78238,1,8,2019,7,11,12,0.84,,1.790476093,0.215571448,,
782,24343,1,8,2019,4,26,15,1.45,,0.99328211,2.731405497,,
1178,64829,1,8,2019,7,11,12,0.93,,1.588994482,0.43769154,,
944,84631,2,8,2019,5,14,14,1.39,,0.045852753,3.349331856,,
1186,94466,1,8,2019,7,11,12,0.92,,1.561782955,0.414226025,,
1035,25562,1,8,2019,7,10,13,1.69,,-0.003689786,2.931400299,,
1194,58917,1,8,2019,7,11,12,1.56,,2.921486011,-0.928920686,,
952,68871,2,8,2019,5,15,13,1.66,,0.827545005,2.408114672,,
1202,37111,1,8,2019,7,11,12,1.23,,2.569628893,-0.580400765,,
790,67982,1,8,2019,4,26,15,0.81,,0.787752589,2.882635832,,
1210,79549,1,8,2019,7,11,12,1.76,,2.197146089,-0.112775005,,
960,79363,2,8,2019,5,15,13,2.5,,0.025209049,3.309066057,,
1218,13766,1,8,2019,7,11,12,1.6,,2.109980487,-0.00672357,,
1099,82797,1,8,2019,7,11,12,1.06,,2.456018696,-0.333433747,,
1226,13356,1,8,2019,7,11,12,1.3,,1.816219969,0.260716259,,
968,74894,2,8,2019,5,15,13,2.1,,0.276216689,3.099683523,,
1234,66818,1,8,2019,7,11,12,0.29,,-2.376306027,4.424155235,,
798,53393,1,8,2019,4,26,15,1.25,,0.763443425,2.845342398,,
1242,32668,1,8,2019,7,11,12,0.98,,1.878776323,0.18348828,,
976,95412,2,8,2019,5,15,13,1.7,,0.021911359,3.381465197,,
1250,47414,1,8,2019,7,11,13,1.04,,3.116304441,-0.195408374,,
1059,34657,1,8,2019,7,10,14,1.8,,-2.465732663,5.725138664,,
1258,98492,1,8,2019,7,11,13,1.23,,3.117274894,-0.128295437,,
984,47566,2,8,2019,5,15,13,2.25,,-0.009063447,3.038166523,,
1266,47313,1,8,2019,7,11,13,1.39,,-1.324976041,4.245872021,,
806,85221,1,8,2019,4,26,15,0.8,,-3.117544686,6.680346489,,
1274,16384,1,8,2019,7,11,13,1.32,,-0.921737903,3.754043579,,
992,26724,2,8,2019,5,15,13,2.5,,0.004740326,3.059854746,,
1282,37698,1,8,2019,7,11,13,0.98,,3.100066412,-0.223821104,,
1107,12787,1,8,2019,7,11,12,1.23,,2.288748869,-0.101109155,,
1537,42518,6,20,2019,3,9,12,1.755,,-1.797693333,4.468597412,,
1000,95352,2,8,2019,5,15,13,2.15,,-0.152824547,3.267300844,,
1545,74834,6,20,2019,3,9,12,1.849,,-0.663226667,3.433496952,,
814,19745,1,8,2018,4,29,15,1.51,,1.338403042,2.562920809,,
1553,73386,6,20,2019,3,9,12,1.947,,-2.705266667,5.35566473,,
1008,36546,2,8,2019,5,15,14,2.23,,0.006950401,3.450624943,,
1561,54369,6,20,2019,3,9,12,0.343,,-2.076946667,4.740699291,,
1027,15846,1,8,2019,7,10,13,1.13,,-0.636116937,3.662992477,,
1014,21162,2,8,2019,5,15,14,2.25,,0.580213051,2.923862696,,
822,43537,1,8,2018,4,29,15,1.22,,0.750516508,3.225526094,,
1569,21147,6,20,2019,3,9,12,2.523,,-0.41888,3.127118587,,
1113,86691,1,8,2019,7,11,12,1.07,,2.263158052,-0.049765695,,
1573,74561,6,20,2019,3,9,12,1.567,,-1.815146667,4.76920414,,
826,45524,1,8,2018,4,29,15,0.49,,-2.961588873,6.977833748,,
1577,31291,6,20,2019,3,9,13,2.234,,-0.244346667,3.345004559,,
1065,82618,1,8,2019,7,10,14,2,,-2.721204367,5.96518898,,
1581,53944,6,20,2019,3,9,13,1.616,,-3.263773333,6.339852333,,
830,47591,1,8,2018,4,29,15,1.27,,1.002621619,2.839808464,,
1585,19672,6,20,2019,3,9,13,4.567,,-3.054333333,6.11200285,,
1117,91825,1,8,2019,7,11,12,1.45,,3.101237025,-0.736166537,,
1589,39475,6,20,2019,3,9,13,3.907,,-2.93216,5.971448421,,
834,88327,1,8,2018,4,29,15,1.82,,-0.233259605,3.939365149,,
1593,93966,6,20,2019,3,9,13,0.724,,-0.15708,3.184133053,,
1041,24994,1,8,2019,7,10,13,1.4,,-0.026022424,2.923731327,,
1597,46924,6,20,2019,3,9,13,6.138,,-3.630293333,6.608591557,,
838,16841,1,8,2018,4,29,15,1.48,,-1.575426682,5.422860622,,
1601,86255,6,20,2019,4,2,12,2.778,,-1.274093333,4.109507561,,
1121,46766,1,8,2019,7,11,12,1.33,,2.485196571,0.047163375,,
1605,78858,6,20,2019,4,2,12,3.663,,-0.68068,3.544467211,,
842,48756,1,8,2018,4,29,15,0.74,,-1.727969178,5.450417995,,
1609,74762,6,20,2019,4,2,12,2.051,,-1.274093333,4.166552544,,
1069,74345,1,8,2019,7,10,14,0.6,,-2.896151459,6.140136242,,
1613,95823,6,20,2019,4,2,12,1.785,,-5.742146667,8.663551331,,
846,45179,1,8,2018,4,29,15,1.64,,1.480481822,2.346831322,,
1617,91684,6,20,2019,4,2,13,1.096,,-5.585066667,8.646807671,,
1125,34115,1,8,2019,7,11,12,0.6,,3.139350274,-0.600959241,,
1621,11295,6,20,2019,4,2,13,1.606,,-5.846866667,8.88621521,,
850,75187,1,8,2019,4,30,11,1.6,,-0.02392713,2.62812686,,
1625,59664,6,20,2019,4,2,13,0.422,,-3.961906667,7.038606644,,
1029,53956,1,8,2019,7,10,13,2,,-2.82847676,5.847651958,,
1629,68338,6,20,2019,4,2,13,2.211,,-0.907573333,3.909759045,,
854,15537,1,8,2019,4,30,11,1.06,,-0.00406648,2.542535782,,
1633,72282,6,20,2019,4,2,13,1.637,,-0.20944,3.182074547,,
1129,85249,1,8,2019,7,11,12,1.95,,-3.106384794,5.706729889,,
1637,23631,6,20,2019,4,2,13,1.037,,-5.253453333,8.270477295,,
858,38628,1,8,2019,4,30,11,1.63,,-0.043606244,2.539704561,,
1641,15818,6,20,2019,5,2,12,0.481,,-5.07892,7.788659096,,
1073,98587,1,8,2019,7,10,14,1.8,,-2.337583304,5.680995941,,
1645,26313,6,20,2019,5,2,12,1.127,,-4.520413333,7.257178307,,
862,31782,1,8,2019,4,30,11,1.12,,-0.015051543,2.495560646,,
1649,36433,6,20,2019,5,2,12,1.901,,-1.343906667,4.108206749,,
1133,89732,1,8,2019,7,11,12,1.3,,2.764804082,-0.119326241,,
1653,28755,6,20,2019,5,2,12,0.76,,-4.782213333,7.593486309,,
866,27962,1,8,2019,4,30,11,1.45,,0.000494,2.449325562,,
1657,29593,6,20,2019,5,2,12,0.902,,-1.72788,4.419892788,,
1045,18642,1,8,2019,7,10,13,1.3,,-0.44379507,3.334048986,,
1661,18395,6,20,2019,5,2,12,1.541,,-4.1888,6.570940018,,
870,43553,1,8,2019,4,30,11,1.6,,-0.212768958,2.608001709,,
1665,31813,6,20,2019,5,2,12,0.57,,-0.087266667,2.508506775,,
1137,95328,1,8,2019,7,11,12,1.61,,1.561489444,0.553309917,,
1669,57463,6,20,2019,5,2,12,2.699,,-1.972226667,4.434618473,,
874,18289,1,8,2019,4,30,11,1.49,,-0.054068517,2.401520252,,
1673,22987,6,20,2019,5,2,12,0.722,,-4.537866667,7.169723988,,
1077,84285,1,8,2019,7,11,12,1.13,,2.218219896,0.053750936,,
1677,41263,6,20,2019,5,2,12,0.603,,-5.7596,8.425468445,,
878,26239,1,8,2019,4,30,11,1.8,,-0.016725662,2.49207449,,
1681,69724,6,20,2019,5,2,13,2.702,,-1.902413333,5.005908012,,
1141,57215,1,8,2019,7,11,12,1.2,,2.126467919,0.243766189,,
1685,62682,6,20,2019,5,2,13,0.998,,-5.60252,8.664422035,,
882,53395,1,8,2019,4,30,12,1.19,,-0.007171174,2.848071098,,
1689,27711,6,20,2019,5,2,13,2.626,,-1.78024,4.811089993,,
1693,82561,6,20,2019,5,2,13,0.75,,-5.44544,8.435168266,,
886,95594,1,8,2019,4,30,12,1.63,,0.005601681,2.904399157,,
1697,59383,6,20,2019,5,2,13,0.324,,-3.61284,6.571997166,,
1145,28377,1,8,2019,7,11,12,2.25,,2.622633054,-0.247207925,,
1701,84392,6,20,2019,5,2,13,2.548,,-1.500986667,4.350747108,,
890,59459,1,8,2019,4,30,12,1.4,,0.009890558,2.97689271,,
1705,85363,6,20,2019,5,20,12,1,,-4.153893333,6.887186527,,
1081,38328,1,8,2019,7,11,12,0.25,,-2.418480386,4.714055538,,
1709,54977,6,20,2019,5,20,12,0.933,,-6.17848,8.879228592,,
894,61119,1,8,2019,4,30,12,2,,-2.273874383,5.286502361,,
1713,99169,6,20,2019,5,20,12,0.978,,-2.25148,4.889671326,,
1149,85468,1,8,2019,7,11,12,1.3,,2.526419232,-0.113879219,,
1717,49618,6,20,2019,5,20,12,0.688,,-4.92184,7.491434574,,
898,26452,1,8,2019,4,30,12,1.48,,0.001756281,2.765521288,,
1721,35541,6,20,2019,5,20,12,1.368,,-0.663226667,3.143029451,,
1049,54419,1,8,2019,7,10,14,2,,-2.619235969,5.962648392,,
1725,72646,6,20,2019,5,20,12,1.49,,-4.485506667,6.90018034,,
902,67483,1,8,2019,4,30,12,1.43,,0.00422569,2.656705379,,
1729,62986,6,20,2019,5,20,12,2.478,,-0.20944,2.976089478,,
1153,27839,1,8,2019,7,11,12,1.6,,-3.127829476,5.567729473,,
1733,34642,6,20,2019,5,20,13,0.848,,-3.124146667,6.155683517,,
906,56136,1,8,2019,4,30,12,1.52,,0.002763924,2.669720888,,
1737,39337,6,20,2019,5,20,13,1.393,,-4.276066667,7.195627689,,
1085,79893,1,8,2019,7,11,12,1.23,,1.962679684,0.342511624,,
1741,44357,6,20,2019,5,20,13,3.088,,-1.029746667,3.900947809,,
910,56979,1,8,2019,4,30,12,0.79,,-0.15625522,2.905451059,,
1745,18894,6,20,2019,5,20,13,0.588,,-4.729853333,7.530635834,,
1157,24941,1,8,2019,7,11,12,1.31,,2.379833912,0.071211979,,
1749,57387,6,20,2019,6,7,12,2.568,,-5.218546667,7.55146265,,
914,73472,1,8,2019,4,30,12,2.75,,-1.43027221,4.481841087,,
1753,95522,6,20,2019,6,7,12,0.845,,-4.24116,6.702566147,,
1033,88689,1,8,2019,7,10,13,1.8,,-3.037292376,6.056467533,,
1757,71423,6,20,2019,6,7,12,1.183,,-4.101533333,6.64266634,,
918,87858,1,8,2019,4,30,13,1.17,,0.965021883,2.910237074,,
1761,61476,6,20,2019,6,7,13,0.813,,-3.961906667,6.903853416,,
1161,84217,1,8,2019,7,11,12,1.21,,1.857851705,0.253082246,,
1765,64655,6,20,2019,7,16,12,0.537500024,,3.806921067,-1.086829901,,
922,67277,1,8,2019,4,30,13,1.51,,-1.602552323,5.448026657,,
1769,18877,6,20,2019,7,16,12,0.367500007,,3.931860753,-1.076922059,,
1089,32197,1,8,2019,7,11,12,1.47,,1.616879512,0.712800741,,
1773,24477,6,20,2019,7,16,12,0.412499994,,2.75965998,0.240344569,,
926,42677,1,8,2019,4,30,13,1.12,,0.741573706,3.058012486,,
1777,62415,6,20,2019,7,16,12,0.785000026,,2.680273493,0.387845397,,
1165,53598,1,8,2019,7,11,12,1.36,,1.971909593,0.0409609,,
1781,42646,6,20,2019,8,4,12,2.035000086,,0.174498427,2.783977032,,
930,76732,1,8,2019,4,30,13,0.77,,-2.814616963,6.58279562,,
1785,72618,6,20,2019,8,4,12,0.462500006,,2.779443333,0.157126024,,
1053,79961,1,8,2019,7,10,14,1.95,,-2.304646574,5.579435349,,
1789,38594,6,20,2019,8,4,12,0.589999974,,0.708779867,2.216898203,,
934,39283,1,8,2019,4,30,13,1.15,,0.837723932,2.882116795,,
1793,25226,6,20,2019,8,4,12,0.566999972,,2.617650933,0.286378115,,
780,61492,1,8,2019,4,26,15,0.82,,3.114628756,0.652302027,,
1168,85468,1,8,2019,7,11,12,1.1,,1.555388092,0.457482398,,
938,59131,1,8,2019,4,30,13,1.16,,0.983803197,2.920603991,,
1172,74991,1,8,2019,7,11,12,1.24,,1.640581275,0.37916851,,
1093,93139,1,8,2019,7,11,12,1.35,,1.575718137,0.655282915,,
1176,31144,1,8,2019,7,11,12,1.49,,2.102581473,-0.075895466,,
942,99659,2,8,2019,5,14,14,1.45,,0.010337126,3.210674286,,
1180,49669,1,8,2019,7,11,12,1.17,,1.640581275,0.375721753,,
784,89238,1,8,2019,4,26,15,0.61,,2.894670843,0.819289029,,
1184,13887,1,8,2019,7,11,12,0.79,,2.108619956,-0.132610992,,
946,74584,2,8,2019,5,14,14,2.35,,0.279729367,3.142620802,,
1188,99417,1,8,2019,7,11,12,0.91,,1.592003218,0.387291312,,
1025,54649,1,8,2019,7,10,13,1.85,,-2.82847676,5.855352402,,
1192,32336,1,8,2019,7,11,12,1.4,,2.386042064,-0.38338542,,
950,78681,2,8,2019,5,15,13,1.8,,0.007993233,3.006959438,,
1196,86845,1,8,2019,7,11,12,1.14,,1.589058359,0.403506964,,
788,89259,1,8,2019,4,26,15,0.82,,2.609580908,1.08272481,,
1200,48678,1,8,2019,7,11,12,1.46,,1.718451303,0.27746433,,
954,39581,2,8,2019,5,15,13,2.02,,0.002681782,3.268391848,,
1204,33297,1,8,2019,7,11,12,0.99,,1.765811936,0.267868698,,
1097,47165,1,8,2019,7,11,12,1.15,,2.066888464,0.05569648,,
1208,27235,1,8,2019,7,11,12,1.34,,1.790214561,0.290430754,,
958,51868,2,8,2019,5,15,13,2.3,,0.031685998,3.267575979,,
1212,33659,1,8,2019,7,11,12,1.32,,2.130100227,-0.045729142,,
792,87596,1,8,2019,4,26,15,0.54,,0.884128008,2.780740261,,
1216,92276,1,8,2019,7,11,12,1.41,,1.82957305,0.262300581,,
962,26265,2,8,2019,5,15,13,1.55,,0.017670738,3.210886478,,
1220,32792,1,8,2019,7,11,12,1.65,,2.230706969,-0.127450049,,
1057,95318,1,8,2019,7,10,14,1.55,,0.622695657,2.644406796,,
1224,83684,1,8,2019,7,11,12,1.35,,1.800971886,0.28714186,,
966,87287,2,8,2019,5,15,13,1.97,,0.222383418,3.132761955,,
1228,21135,1,8,2019,7,11,12,1.09,,1.765811936,0.271388173,,
796,83323,1,8,2019,4,26,15,0.83,,-2.433193594,6.075819492,,
1232,48492,1,8,2019,7,11,12,1.43,,1.600136274,0.451293349,,
970,94796,2,8,2019,5,15,13,2.5,,0.426749833,2.956041098,,
1236,72937,1,8,2019,7,11,12,1.49,,2.213982353,-0.140738502,,
1101,27911,1,8,2019,7,11,12,1.3,,2.31608967,-0.177710578,,
1240,49545,1,8,2019,7,11,12,0.79,,1.878776323,0.179860771,,
974,84151,2,8,2019,5,15,13,1.7,,0.001339959,3.402036667,,
1244,22393,1,8,2019,7,11,12,1.7,,2.311919373,-0.242351502,,
800,34555,1,8,2019,4,26,15,1.4,,0.901485978,2.695894957,,
1248,75613,1,8,2019,7,11,13,0.97,,2.465925706,0.301996768,,
978,39374,2,8,2019,5,15,13,2.65,,0.00536781,3.20185113,,
1252,29121,1,8,2019,7,11,13,1.34,,-0.972059137,3.907979488,,
1037,27164,1,8,2019,7,10,13,1.5,,-0.048895869,2.961570263,,
1256,39673,1,8,2019,7,11,13,1.24,,-1.509064251,4.460072517,,
982,99155,2,8,2019,5,15,13,1.98,,-0.113013595,3.135037661,,
1260,97857,1,8,2019,7,11,13,2.1,,3.117274894,-0.097697072,,
804,94275,1,8,2019,4,26,15,0.6,,-3.102721956,6.665524006,,
1264,23372,1,8,2019,7,11,13,1.29,,-0.797019782,3.855061531,,
986,75295,2,8,2019,5,15,13,2.2,,-0.011136901,3.047326088,,
1268,42777,1,8,2019,7,11,13,1.12,,-0.862127171,3.775536299,,
1105,69631,1,8,2019,7,11,12,1.02,,-1.795077068,3.949556351,,
1272,16265,1,8,2019,7,11,13,0.47,,-1.588389493,4.41344738,,
990,99686,2,8,2019,5,15,13,1.85,,-0.008030381,3.22947979,,
1276,13799,1,8,2019,7,11,13,1.42,,-1.369430726,4.216298103,,
808,19583,1,8,2019,4,26,15,0.94,,-2.226739667,5.880518913,,
1280,86136,1,8,2019,7,11,13,0.44,,-0.129732367,2.991247416,,
994,83967,2,8,2019,5,15,13,1.92,,-0.009297958,3.081007957,,
1284,47279,1,8,2019,7,11,13,1.09,,-1.023821909,3.90746212,,
1061,93765,1,8,2019,7,10,14,2.1,,-2.756845795,6.008545399,,
1288,25147,1,8,2019,7,11,13,1.28,,-1.055060632,4.174965382,,
998,16635,2,8,2019,5,15,13,1.67,,0.093922879,3.006286144,,
1539,63775,6,20,2019,3,9,12,2.037,,-1.745333333,4.437027931,,
812,41566,1,8,2018,4,29,15,2.42,,-0.570622699,4.442812443,,
1543,22466,6,20,2019,3,9,12,2.403,,-0.349066667,3.097553015,,
1002,25554,2,8,2019,5,15,13,2.25,,-0.004945833,3.162250519,,
1547,83555,6,20,2019,3,9,12,2.157,,-2.652906667,5.445213795,,
1109,51421,1,8,2019,7,11,12,1.25,,1.967628897,0.228508785,,
1551,89986,6,20,2019,3,9,12,1.444,,-5.18364,8.113564491,,
1006,47376,2,8,2019,5,15,14,2.05,,0.555921946,2.881453753,,
1555,49269,6,20,2019,3,9,12,2.561,,-0.645773333,3.370912552,,
816,14622,1,8,2018,4,29,15,0.61,,1.757342963,2.167789221,,
1559,61459,6,20,2019,3,9,12,2.435,,-1.012293333,3.66506052,,
1010,36878,2,8,2019,5,15,14,2.1,,0.145695666,3.325258017,,
1563,28267,6,20,2019,3,9,12,1.649,,-5.061466667,8.003443718,,
1021,66532,1,8,2019,7,10,13,1.6,,-0.990416771,4.025002003,,
1013,94288,2,8,2019,5,15,14,2.2,,0.640626317,2.836989403,,
821,89995,1,8,2018,4,29,15,1.27,,0.537516157,3.41563201,,
1015,37999,2,8,2019,5,15,14,2.3,,0.594729153,2.909346581,,
1112,98564,1,8,2019,7,11,12,1.02,,2.290319604,-0.076927252,,
1568,72924,6,20,2019,3,9,12,1.17,,-2.059493333,4.762124538,,
823,73299,1,8,2018,4,29,15,1.24,,1.609915431,2.370657444,,
1570,63321,6,20,2019,3,9,12,1.414,,-3.56048,6.274339199,,
1064,89589,1,8,2019,7,10,14,0.72,,2.676715157,0.57498461,,
1572,53877,6,20,2019,3,9,12,1.547,,-1.867506667,4.547840595,,
825,81295,1,8,2018,4,29,15,1.32,,0.716511951,3.290909052,,
1574,66345,6,20,2019,3,9,12,2.036,,-2.321293333,5.28745842,,
1114,52758,1,8,2019,7,11,12,1.2,,1.567921028,0.611305296,,
1576,39726,6,20,2019,3,9,13,1.649,,-4.956746667,8.069704056,,
827,55322,1,8,2018,4,29,15,1.47,,0.762974348,3.166868687,,
1578,36635,6,20,2019,3,9,13,2.448,,-0.226893333,3.315257788,,
1040,88934,1,8,2019,7,10,13,1.8,,3.078338327,-0.180629343,,
1580,78739,6,20,2019,3,9,13,4.87,,-3.333586667,6.415807247,,
829,37439,1,8,2018,4,29,15,0.54,,-3.136371348,6.988791466,,
1582,34181,6,20,2019,3,9,13,2.191,,-3.281226667,6.357305527,,
1116,83966,1,8,2019,7,11,12,0.85,,2.617034398,-0.257100224,,
1584,75327,6,20,2019,3,9,13,1.72,,-2.286386667,5.350189686,,
831,96924,1,8,2018,4,29,15,1.76,,-3.134921967,6.768390656,,
1586,87697,6,20,2019,3,9,13,1.762,,-2.268933333,5.32047224,,
1066,41775,1,8,2019,7,10,14,2.1,,-2.465122373,5.709106922,,
1588,25586,6,20,2019,3,9,13,1.196,,-5.148733333,8.194145203,,
833,58694,1,8,2018,4,29,15,1.42,,-0.185001193,3.83549118,,
1590,23586,6,20,2019,3,9,13,5.914,,-5.829413333,8.868701935,,
1118,74391,1,8,2019,7,11,12,1.54,,-1.580896438,4.071874142,,
1592,51134,6,20,2019,3,9,13,1.305,,-2.216573333,5.243626118,,
835,67843,1,8,2018,4,29,15,1.43,,-0.334951668,4.089607716,,
1594,48139,6,20,2019,3,9,13,2.061,,-1.605706667,4.632759571,,
1028,12686,1,8,2019,7,10,13,2.26,,-2.841416082,5.868291378,,
1596,83417,6,20,2019,3,9,13,1.552,,-3.839733333,6.830188751,,
837,78995,1,8,2018,4,29,15,1.19,,-0.017504538,3.803726435,,
1598,25866,6,20,2019,3,9,13,2.718,,-0.20944,3.347008228,,
1120,95747,1,8,2019,7,11,12,1.45,,-1.584154194,4.098599911,,
1600,17843,6,20,2019,4,2,12,3.247,,-1.36136,4.189730167,,
839,76572,1,8,2018,4,29,15,1.47,,-0.233259605,4.144157887,,
1602,23215,6,20,2019,4,2,12,1.813,,-0.89012,3.739681721,,
1068,66423,1,8,2019,7,10,14,2.35,,-2.250839152,5.494823933,,
1604,87493,6,20,2019,4,2,12,1.29,,-5.881773333,8.731334686,,
841,78865,1,8,2018,4,29,15,0.64,,-1.278221029,4.98979187,,
1606,18234,6,20,2019,4,2,12,3.473,,-0.7854,3.656328201,,
1122,52463,1,8,2019,7,11,12,0.44,,-1.584905144,4.117265224,,
1608,45164,6,20,2019,4,2,12,1.08,,-0.10472,2.989984512,,
843,77739,1,8,2018,4,29,15,1.21,,0.43172878,3.301526546,,
1610,69714,6,20,2019,4,2,12,3.289,,-0.94248,3.842151165,,
1042,96959,1,8,2019,7,10,13,1.52,,-0.007564197,2.905273199,,
1612,95127,6,20,2019,4,2,12,1.087,,-5.91668,8.830823898,,
845,82166,1,8,2018,4,29,15,1.32,,1.205098491,2.612048388,,
1614,47214,6,20,2019,4,2,13,1.392,,-3.124146667,6.074743271,,
1124,11713,1,8,2019,7,11,12,1.12,,2.581058834,-0.042667806,,
1616,59192,6,20,2019,4,2,13,1.83,,-2.216573333,5.27831459,,
847,36131,1,8,2018,4,29,15,2.87,,-0.75452385,4.444128036,,
1618,86137,6,20,2019,4,2,13,2.438,,-1.221733333,4.276003838,,
1070,61254,1,8,2019,7,10,14,2.72,,-2.757893855,6.001878738,,
1620,47285,6,20,2019,4,2,13,1.272,,-5.934133333,8.980939865,,
849,65732,1,8,2019,4,30,11,1.37,,-0.16944109,2.489043236,,
1622,41343,6,20,2019,4,2,13,1.711,,-5.81196,8.851308823,,
1126,64948,1,8,2019,7,11,12,2.23,,2.557012506,-0.089029312,,
1624,25478,6,20,2019,4,2,13,1.124,,-5.619973333,8.644431114,,
851,23542,1,8,2019,4,30,11,1.43,,-0.008631023,2.579641342,,
1626,82881,6,20,2019,4,2,13,2.364,,-0.855213333,3.87967062,,
1022,98435,1,8,2019,7,10,13,0.35,,-0.990416771,4.025002003,,
1628,93811,6,20,2019,4,2,13,2.076,,-0.94248,3.95208025,,
853,37582,1,8,2019,4,30,11,1.12,,-0.012011413,2.550480843,,
1630,68182,6,20,2019,4,2,13,1.633,,-0.68068,3.675461531,,
1128,23455,1,8,2019,7,11,12,1.5,,-1.584836129,4.160041332,,
1632,76657,6,20,2019,4,2,13,1.823,,-1.169373333,4.149378777,,
855,63197,1,8,2019,4,30,11,1.36,,-0.308964275,2.836731911,,
1634,19739,6,20,2019,4,2,13,1.883,,-1.5708,4.54343462,,
1072,23255,1,8,2019,7,10,14,1.6,,-0.431767745,3.775180101,,
1636,31921,6,20,2019,4,2,13,1.534,,0,2.957929611,,
857,48191,1,8,2019,4,30,11,1.69,,-0.173344615,2.685195684,,
1638,62841,6,20,2019,4,2,13,2.222,,-0.83776,3.914459705,,
1130,48579,1,8,2019,7,11,12,1.76,,1.561636423,1.051456571,,
1640,79133,6,20,2019,5,2,12,0.645,,-4.782213333,7.483059883,,
859,54719,1,8,2019,4,30,11,1.6,,-0.050581468,2.536268711,,
1642,82143,6,20,2019,5,2,12,0.209,,-5.18364,7.893379211,,
1044,98416,1,8,2019,7,10,13,1.66,,0.001382431,2.896326542,,
1644,46188,6,20,2019,5,2,12,0.469,,-4.677493333,7.405192375,,
861,56745,1,8,2019,4,30,11,1.42,,-0.020496448,2.501005411,,
1646,41237,6,20,2019,5,2,12,0.771,,-4.904386667,7.650274277,,
1132,82215,1,8,2019,7,11,12,1.18,,2.590134802,-0.008689187,,
1648,84463,6,20,2019,5,2,12,2.513,,-2.25148,5.006546497,,
863,51215,1,8,2019,4,30,11,1.65,,-0.040955517,2.650749445,,
1650,76529,6,20,2019,5,2,12,0.864,,-4.310973333,7.084562302,,
1074,73411,1,8,2019,7,11,12,1.1,,2.079095749,-0.103086777,,
1652,17355,6,20,2019,5,2,12,0.307,,-5.532706667,8.334481239,,
865,22761,1,8,2019,4,30,11,1.05,,-0.025035897,2.49011898,,
1654,11481,6,20,2019,5,2,12,0.578,,-4.92184,7.742661953,,
1134,81451,1,8,2019,7,11,12,1.26,,2.478378865,0.220415771,,
1656,12156,6,20,2019,5,2,12,0.552,,-4.625133333,7.455553532,,
867,87211,1,8,2019,4,30,11,1.72,,3.1314806,-0.691746533,,
1658,71626,6,20,2019,5,2,12,1.448,,-4.991653333,7.82207346,,
1030,95975,1,8,2019,7,10,13,1.9,,-3.04814196,6.067317009,,
1660,88529,6,20,2019,5,2,12,0.751,,-6.003946667,8.678470612,,
869,33769,1,8,2019,4,30,11,2.16,,2.446637181,-0.041639391,,
1662,59843,6,20,2019,5,2,12,0.963,,-5.148733333,7.537251472,,
1136,84244,1,8,2019,7,11,12,1.13,,2.527106566,0.035707828,,
1664,89697,6,20,2019,5,2,12,0.567,,-0.31416,2.722142935,,
871,91778,1,8,2019,4,30,11,1.8,,-0.459781891,2.850158453,,
1666,76846,6,20,2019,5,2,12,0.873,,-4.572773333,7.000727177,,
1076,42585,1,8,2019,7,11,12,1.15,,2.213954721,0.053368885,,
1668,91293,6,20,2019,5,2,12,0.661,,-5.096373333,7.544815063,,
873,47282,1,8,2019,4,30,11,2.06,,2.410422747,-0.044065833,,
1670,23852,6,20,2019,5,2,12,1.051,,-0.820306667,3.289762497,,
1138,91172,1,8,2019,7,11,12,2.12,,2.658992125,-0.196683928,,
1672,82496,6,20,2019,5,2,12,1.004,,-5.742146667,8.233151436,,
875,36261,1,8,2019,4,30,11,1.32,,-0.087740489,2.416558743,,
1674,67736,6,20,2019,5,2,12,0.645,,-0.2618,2.902068377,,
1046,59997,1,8,2019,7,10,13,0.96,,-0.500720562,3.543024302,,
1676,16792,6,20,2019,5,2,12,1.411,,-4.520413333,7.177687645,,
877,37694,1,8,2019,4,30,11,1.1,,-0.058069873,2.377671957,,
1678,26862,6,20,2019,5,2,12,0.802,,-5.02656,7.70108366,,
1140,28279,1,8,2019,7,11,12,0.81,,2.729425205,-0.35919109,,
1680,73255,6,20,2019,5,2,13,1.214,,-4.34588,7.195640564,,
879,68362,1,8,2019,4,30,11,1.53,,-0.03218054,2.647586346,,
1682,38485,6,20,2019,5,2,13,0.566,,-5.689786667,8.782868385,,
1078,23313,1,8,2019,7,11,12,1.06,,2.254828288,0.031230761,,
1684,92287,6,20,2019,5,2,13,0.707,,-5.65488,8.727163315,,
881,91246,1,8,2019,4,30,12,1.52,,0.0137771,2.796205044,,
1686,61369,6,20,2019,5,2,13,0.443,,-5.253453333,8.304987907,,
1142,79742,1,8,2019,7,11,12,1.11,,2.16037048,0.209863618,,
1688,92748,6,20,2019,5,2,13,0.755,,-4.258613333,7.28946352,,
883,19131,1,8,2019,4,30,12,1.6,,0.003031299,2.862833023,,
1690,38323,6,20,2019,5,2,13,0.395,,-1.51844,4.538975716,,
1692,93853,6,20,2019,5,2,13,1.203,,-4.468053333,7.468026638,,
885,23157,1,8,2019,4,30,12,1.82,,-0.011421535,2.9150846,,
1694,57277,6,20,2019,5,2,13,0.946,,-3.6652,6.644709587,,
1144,59134,1,8,2019,7,11,12,2,,2.532984459,-0.157559335,,
1696,87797,6,20,2019,5,2,13,0.302,,-5.113826667,8.083145142,,
887,36355,1,8,2019,4,30,12,1.75,,-0.00766449,2.81150341,,
1698,66793,6,20,2019,5,2,13,1.485,,-4.310973333,7.180258274,,
1080,18197,1,8,2019,7,11,12,1.27,,-2.418480386,4.709284782,,
1700,12532,6,20,2019,5,2,13,0.777,,-4.886933333,7.746433735,,
889,88595,1,8,2019,4,30,12,1.63,,0.961034106,2.012868404,,
1702,77352,6,20,2019,5,2,13,1.116,,-0.506146667,3.620060921,,
1146,78784,1,8,2019,7,11,12,1.45,,2.275220887,0.121244788,,
1704,88171,6,20,2019,5,20,12,1.358,,-0.62832,3.005143404,,
891,74896,1,8,2019,4,30,12,1.23,,0.003099272,2.990135431,,
1706,34222,6,20,2019,5,20,12,1.428,,-4.834573333,7.556926727,,
1048,48277,1,8,2019,7,10,14,0.8,,-3.049764146,6.293748856,,
1708,81186,6,20,2019,5,20,12,1.235,,-0.122173333,2.833678007,,
893,94543,1,8,2019,4,30,12,1.9,,-2.320160643,5.332788944,,
1710,45363,6,20,2019,5,20,12,1.595,,-4.590226667,7.269742966,,
1148,13136,1,8,2019,7,11,12,2,,2.62785774,-0.165549546,,
1712,13863,6,20,2019,5,20,12,1.428,,-0.15708,2.805458784,,
895,47896,1,8,2019,4,30,12,1.2,,-0.012651694,2.9737041,,
1714,31184,6,20,2019,5,20,12,0.938,,-3.263773333,5.891873837,,
1082,57322,1,8,2019,7,11,12,0.86,,2.402250778,-0.106675841,,
1716,15997,6,20,2019,5,20,12,2.513,,-1.396266667,3.984974146,,
897,73465,1,8,2019,4,30,12,1.4,,-0.015146277,2.788480997,,
1718,58463,6,20,2019,5,20,12,1.41,,-5.794506667,8.327036858,,
1150,24554,1,8,2019,7,11,12,1.92,,3.128208438,-0.710253656,,
1720,98263,6,20,2019,5,20,12,1.445,,-0.5236,3.020601034,,
899,28869,1,8,2019,4,30,12,1.4,,-2.854219828,5.509399414,,
1722,38179,6,20,2019,5,20,12,1.338,,-0.15708,2.628423452,,
1032,98448,1,8,2019,7,10,13,2.2,,-3.048528506,6.067703724,,
1724,93234,6,20,2019,5,20,12,1.643,,-4.625133333,7.047635078,,
901,41647,1,8,2019,4,30,12,1.52,,0.006477416,2.648702145,,
1726,71418,6,20,2019,5,20,12,2.703,,-4.03172,6.430997849,,
1152,73886,1,8,2019,7,11,12,2,,2.914115632,-0.47974503,,
1728,26731,6,20,2019,5,20,12,2.613,,-1.88496,4.629283428,,
903,25719,1,8,2019,4,30,12,1.6,,-0.011728204,2.672659159,,
1730,63425,6,20,2019,5,20,13,0.72,,-4.223706667,7.013027668,,
1084,12931,1,8,2019,7,11,12,1.22,,1.962679684,0.342511624,,
1732,56177,6,20,2019,5,20,13,3.058,,-1.029746667,4.099285603,,
905,15632,1,8,2019,4,30,12,1.53,,-0.0061194,2.779454231,,
1734,74787,6,20,2019,5,20,13,0.825,,-2.862346667,5.893883705,,
1154,56773,1,8,2019,7,11,12,1.1,,2.562917287,-0.123017214,,
1736,74284,6,20,2019,5,20,13,3.545,,-1.117013333,4.098330975,,
907,31913,1,8,2019,4,30,12,0.7,,-2.587129954,5.318382263,,
1738,74758,6,20,2019,5,20,13,1.703,,-4.13644,7.056001186,,
1050,53776,1,8,2019,7,10,14,2.43,,-2.216543003,5.559955597,,
1740,52184,6,20,2019,5,20,13,2.25,,-1.850053333,4.745305538,,
909,72126,1,8,2019,4,30,12,0.82,,-0.134843669,2.872061491,,
1742,48868,6,20,2019,5,20,13,1.87,,-2.234026667,5.093305111,,
1156,61123,1,8,2019,7,11,12,1.53,,-1.574197061,4.025242805,,
1744,93437,6,20,2019,5,20,13,1.893,,-1.012293333,3.824619293,,
911,83566,1,8,2019,4,30,12,1.36,,-0.002352821,2.763587952,,
1746,45752,6,20,2019,5,20,13,0.675,,-4.206253333,7.288505554,,
1086,36651,1,8,2019,7,11,12,1.16,,2.445925241,-0.126118153,,
1748,37134,6,20,2019,6,7,12,2.828,,-2.076946667,4.394611359,,
913,56854,1,8,2019,4,30,12,1.5,,-0.008186631,2.7039814,,
1750,58464,6,20,2019,6,7,12,2.618,,-4.782213333,7.197881699,,
1158,11336,1,8,2019,7,11,12,1.32,,2.542430677,-0.129890665,,
1752,32575,6,20,2019,6,7,12,0.833,,-4.049173333,6.501186848,,
915,62642,1,8,2019,4,30,13,2.1,,-0.008481349,3.672899961,,
1754,81413,6,20,2019,6,7,12,0.538,,-3.6652,6.126606464,,
1024,76372,1,8,2019,7,10,13,1.45,,-0.036917394,3.063792944,,
1756,54559,6,20,2019,6,7,12,1.243,,-4.066626667,6.607759476,,
917,68219,1,8,2019,4,30,13,0.78,,-2.787778318,6.667939186,,
1758,79919,6,20,2019,6,7,12,1.75,,-4.101533333,6.719331264,,
1160,79187,1,8,2019,7,11,12,1,,1.922199641,0.188734308,,
1760,28682,6,20,2019,6,7,13,1.258,,-3.525573333,6.46751976,,
919,74375,1,8,2019,4,30,13,1.47,,-1.65475529,5.530014038,,
1762,36759,6,20,2019,6,7,13,0.843,,-3.944453333,6.915081978,,
1088,68832,1,8,2019,7,11,12,1.21,,2.11140287,0.21827741,,
1764,11373,6,20,2019,6,7,13,2.905,,-1.0472,4.149518967,,
921,92557,1,8,2019,4,30,13,1.41,,-1.201423134,5.056897163,,
1766,92268,6,20,2019,7,16,12,0.704999983,,3.643204437,-0.863306522,,
1162,49994,1,8,2019,7,11,12,1.3,,2.223177503,-0.213725448,,
1768,19972,6,20,2019,7,16,12,0.314999998,,5.828889733,-3.036722898,,
923,33578,1,8,2019,4,30,13,0.82,,-3.094262619,6.939736843,,
1770,63896,6,20,2019,7,16,12,0.307500005,,2.650114133,0.230552599,,
1052,51121,1,8,2019,7,10,14,1.35,,0.823704288,2.451084614,,
1772,37172,6,20,2019,7,16,12,0.730000019,,2.673466693,0.326537848,,
925,49796,1,8,2019,4,30,13,1.49,,-1.566959301,5.366545677,,
1774,25582,6,20,2019,7,16,12,0.439999998,,2.616080133,0.424687147,,
1164,47238,1,8,2019,7,11,12,0.96,,1.812767031,0.196685016,,
1776,73597,6,20,2019,7,16,12,0.867500007,,2.4563385,0.598089874,,
927,45277,1,8,2019,4,30,13,0.67,,-2.517840999,6.312238216,,
1778,98973,6,20,2019,7,16,12,0.300000012,,2.455430927,0.695191264,,
1090,66514,1,8,2019,7,11,12,1.12,,1.882352375,0.452303827,,
1780,15515,6,20,2019,8,4,12,2.127500057,,0.179821693,2.778653622,,
929,76972,1,8,2019,4,30,13,2.2,,-0.333531599,4.138288975,,
1782,35854,6,20,2019,8,4,12,0.577499986,,2.75968616,0.198789269,,
1166,14111,1,8,2019,7,11,12,1.36,,1.693346429,0.31952408,,
1784,47317,6,20,2019,8,4,12,2.092499971,,0.2392852,2.708217144,,
931,77563,1,8,2019,4,30,13,0.49,,1.802901762,1.954662323,,
1786,96515,6,20,2019,8,4,12,0.425000012,,0.505623067,2.43094635,,
1034,74417,1,8,2019,7,10,13,1.65,,-0.059284759,2.98699522,,
1788,71881,6,20,2019,8,4,12,0.622500002,,0.467400267,2.458277941,,
933,19513,1,8,2019,4,30,13,1.97,,-1.585485676,5.316195011,,
1790,92623,6,20,2019,8,4,12,1.737499952,,0.170344533,2.744486332,,
779,59381,1,8,2019,4,26,15,0.9,,0.701356508,2.849800587,,
1792,25718,6,20,2019,8,4,12,0.492000014,,2.572272267,0.3317568,,
935,31262,1,8,2019,4,30,13,1.48,,-2.309399694,6.01829958,,
1794,26281,6,20,2019,8,4,12,0.720000029,,2.991501333,-0.087472275,,
1092,18312,1,8,2019,7,11,12,1.32,,2.503008274,-0.249482155,,
1796,98883,6,20,2019,8,4,12,0.63499999,,0.6188952,2.439785719,,
937,37455,1,8,2019,4,30,13,1.49,,-1.597543416,5.487455368,,
1169,72364,1,8,2019,7,11,12,1.3,,2.453367587,-0.437064558,,
781,83678,1,8,2019,4,26,15,0.85,,3.108094942,0.648375392,,
1171,93626,1,8,2019,7,11,12,1.21,,1.640581275,0.375721753,,
939,44611,2,8,2019,5,14,14,1.99,,-0.368961974,3.547469378,,
1173,47617,1,8,2019,7,11,12,1.24,,2.337911513,-0.318161756,,
1054,17178,1,8,2019,7,10,14,1.36,,0.605723231,2.669065475,,
1175,82288,1,8,2019,7,11,12,0.48,,-2.411514831,4.434725285,,
941,25289,2,8,2019,5,14,14,1.29,,0.008604237,3.205332994,,
1177,69471,1,8,2019,7,11,12,1.11,,2.597934661,-0.571248651,,
783,34262,1,8,2019,4,26,15,1.6,,0.937861183,2.786826372,,
1179,59475,1,8,2019,7,11,12,1.79,,1.572928092,0.457247972,,
943,95969,2,8,2019,5,14,14,1.42,,0.045852753,3.196349859,,
1181,77822,1,8,2019,7,11,12,1.14,,1.686630659,0.343545407,,
1094,49367,1,8,2019,7,11,12,1.33,,2.354173388,-0.136412457,,
1183,42572,1,8,2019,7,11,12,1.23,,0.904573413,1.094705939,,
945,86248,2,8,2019,5,14,14,2.1,,0.064822349,3.337176561,,
1185,11787,1,8,2019,7,11,12,0.91,,1.561782955,0.414226025,,
785,18847,1,8,2019,4,26,15,0.79,,-3.045618668,6.759578705,,
1187,92134,1,8,2019,7,11,12,1.2,,1.57997289,0.399321645,,
947,17485,2,8,2019,5,14,14,2.3,,0.279729367,3.142620802,,
1189,58552,1,8,2019,7,11,12,1.49,,1.809302992,0.17328991,,
1020,87622,1,8,2019,7,10,13,2,,-2.601837111,5.636422157,,
1191,48934,1,8,2019,7,11,12,1.46,,1.593027914,0.392876148,,
949,99188,2,8,2019,5,14,14,2.1,,0.159425183,3.289836407,,
1193,75539,1,8,2019,7,11,12,1.8,,2.682066231,-0.692838132,,
787,45994,1,8,2019,4,26,15,1.77,,1.182459967,2.515284061,,
1195,59446,1,8,2019,7,11,12,1.33,,1.894827634,0.097737692,,
951,59778,2,8,2019,5,15,13,0.58,,1.679488032,1.556171656,,
1197,21186,1,8,2019,7,11,12,1.42,,3.044992256,-1.052426934,,
1096,13336,1,8,2019,7,11,12,0.65,,2.592652705,-0.477853328,,
1199,33831,1,8,2019,7,11,12,1.27,,1.505019968,0.487545371,,
953,62361,2,8,2019,5,15,13,1.75,,0.896186505,2.35365963,,
1201,29617,1,8,2019,7,11,12,0.98,,2.056005099,-0.060089462,,
789,67815,1,8,2019,4,26,15,0.83,,3.131921787,0.554929137,,
1203,38486,1,8,2019,7,11,12,1.34,,-1.469758699,4.202784061,,
955,33117,2,8,2019,5,15,13,1.15,,1.468871887,1.802201748,,
1205,42953,1,8,2019,7,11,12,1.21,,1.765811936,0.271388173,,
1056,14672,1,8,2019,7,10,14,1.56,,0.588358854,2.678743601,,
1207,27989,1,8,2019,7,11,12,1.2,,1.795238675,0.285406619,,
957,34629,2,8,2019,5,15,13,1.1,,0.934336577,2.343797445,,
1209,64651,1,8,2019,7,11,12,1.42,,1.730588869,0.35005644,,
791,84825,1,8,2019,4,26,15,0.34,,2.715905029,0.948963165,,
1211,57169,1,8,2019,7,11,12,1.62,,2.111217326,-0.026846241,,
959,11763,2,8,2019,5,15,13,2,,0.005833474,3.300452232,,
1213,61958,1,8,2019,7,11,12,1.34,,2.111012541,-0.022898786,,
1098,21416,1,8,2019,7,11,12,1.1,,2.059179738,0.063405201,,
1215,33366,1,8,2019,7,11,12,1.4,,2.109759417,-0.021645661,,
961,83738,2,8,2019,5,15,13,2.3,,-0.088207812,3.422482967,,
1217,86813,1,8,2019,7,11,12,1.2,,1.797761047,0.297889531,,
793,64982,1,8,2019,4,26,15,0.56,,-2.951028457,6.728352547,,
1219,87118,1,8,2019,7,11,12,1.49,,2.10444517,-0.001188252,,
963,23893,2,8,2019,5,15,13,2.18,,0.510154573,2.838046551,,
1221,82958,1,8,2019,7,11,12,1.3,,2.118040481,-0.010954004,,
1036,61424,1,8,2019,7,10,13,1,,-0.819776555,3.739960432,,
1223,63978,1,8,2019,7,11,12,1.22,,1.598273152,0.512660801,,
965,21523,2,8,2019,5,15,13,1.93,,0.00735032,3.347795248,,
1225,55824,1,8,2019,7,11,12,1.13,,1.765811936,0.271388173,,
795,96332,1,8,2019,4,26,15,0.55,,0.884128008,2.76408267,,
1227,32438,1,8,2019,7,11,12,1.66,,2.198032683,-0.124788836,,
967,99714,2,8,2019,5,15,13,1.9,,0.051765025,3.317230463,,
1229,38982,1,8,2019,7,11,12,1.14,,1.765811936,0.271388173,,
1100,15574,1,8,2019,7,11,12,1.22,,2.158873177,-0.032367885,,
1231,81815,1,8,2019,7,11,12,1.5,,1.714192817,0.337236822,,
969,92338,2,8,2019,5,15,13,2.22,,0.442432161,2.940358877,,
1233,91242,1,8,2019,7,11,12,1.08,,1.765811936,0.278472334,,
797,17289,1,8,2019,4,26,15,1,,0.639060894,2.997964621,,
1235,92492,1,8,2019,7,11,12,1.21,,1.631966312,0.415883005,,
971,14473,2,8,2019,5,15,13,2.05,,0.120345852,3.262445211,,
1237,32463,1,8,2019,7,11,12,1.93,,1.040620998,1.010808587,,
1058,72362,1,8,2019,7,10,14,1.2,,0.861795602,2.397610188,,
1239,13411,1,8,2019,7,11,12,1.1,,1.771560316,0.283465177,,
973,27454,2,8,2019,5,15,13,1.9,,0.555921946,2.833745718,,
1241,27198,1,8,2019,7,11,12,0.75,,1.878776323,0.179860771,,
799,57726,1,8,2019,4,26,15,0.58,,-2.988468202,6.59155941,,
1243,25672,1,8,2019,7,11,12,1.3,,1.628310998,0.441256881,,
975,29555,2,8,2019,5,15,13,2.02,,0.524748671,2.823452473,,
1245,93992,1,8,2019,7,11,12,1.36,,2.290049631,-0.220481753,,
1102,15834,1,8,2019,7,11,12,1.2,,2.183220155,-0.040845152,,
1247,84897,1,8,2019,7,11,12,1.13,,2.909829861,-0.16987747,,
977,32136,2,8,2019,5,15,13,0.45,,1.655207621,1.566241741,,
1249,13458,1,8,2019,7,11,13,1.24,,2.970621364,-0.049725298,,
801,66737,1,8,2019,4,26,15,1.6,,0.864430542,2.721484184,,
1251,66897,1,8,2019,7,11,13,1.44,,-1.517756444,4.446156502,,
979,64865,2,8,2019,5,15,13,1.53,,-0.047578826,3.062531471,,
1253,31495,1,8,2019,7,11,13,1.29,,-0.634453827,3.577910423,,
1026,21922,1,8,2019,7,10,13,1.8,,-2.82847676,5.855352402,,
1255,76829,1,8,2019,7,11,13,1.28,,-1.509064251,4.460072517,,
981,73348,2,8,2019,5,15,13,2.65,,0.008974288,3.013049841,,
1257,82373,1,8,2019,7,11,13,0.92,,3.117274894,-0.143524155,,
803,37876,1,8,2019,4,26,15,0.55,,-3.102721956,6.665524006,,
1259,36175,1,8,2019,7,11,13,1.28,,3.117274894,-0.120662607,,
983,47713,2,8,2019,5,15,13,2,,-0.002207677,3.031310797,,
1261,74811,1,8,2019,7,11,13,1.6,,-2.994252259,6.021505833,,
1104,84492,1,8,2019,7,11,12,1.79,,3.075300836,-0.725558221,,
1263,24444,1,8,2019,7,11,13,2.25,,3.039816254,0.010516766,,
985,85475,2,8,2019,5,15,13,2.07,,0.29634477,2.732758284,,
1265,59687,1,8,2019,7,11,13,2.19,,3.138814011,-0.073056564,,
805,72969,1,8,2019,4,26,15,0.73,,-3.131122275,6.693924427,,
1267,72884,1,8,2019,7,11,13,1.26,,-3.062777453,6.167192936,,
987,19289,2,8,2019,5,15,13,2.42,,-0.00868609,3.044875145,,
1269,25598,1,8,2019,7,11,13,1.44,,-0.862127171,3.768066645,,
1060,63491,1,8,2019,7,10,14,1.65,,0.787404888,2.472001076,,
1271,37669,1,8,2019,7,11,13,0.25,,-1.588389493,4.399020672,,
989,39467,2,8,2019,5,15,13,2.2,,-0.10856772,3.158948421,,
1273,22336,1,8,2019,7,11,13,1.16,,3.051063351,-0.226005271,,
807,86151,1,8,2019,4,26,15,0.85,,0.639971832,2.911185265,,
1275,43423,1,8,2019,7,11,13,1.28,,-0.921737903,3.754043579,,
991,34794,2,8,2019,5,15,13,2.46,,-0.019045819,3.076531172,,
1277,78129,1,8,2019,7,11,13,1.09,,1.939554445,0.9146263,,
1106,17469,1,8,2019,7,11,12,1.62,,2.134420197,0.05321952,,
1279,33555,1,8,2019,7,11,13,1.02,,3.090596226,-0.236415505,,
993,11177,2,8,2019,5,15,13,2,,-0.002341402,3.07405138,,
1281,31741,1,8,2019,7,11,13,1.18,,-1.527091183,4.403336525,,
809,45964,1,8,2019,4,26,15,0.51,,-2.803462325,6.580786228,,
1283,26173,1,8,2019,7,11,13,1.08,,-0.744403162,3.620648384,,
995,84877,2,8,2019,5,15,13,1.82,,-0.157606553,3.229316473,,
1285,59635,1,8,2019,7,11,13,1.14,,-1.023821909,3.914876461,,
1038,65352,1,8,2019,7,10,13,2,,-0.207061619,3.112244368,,
1287,35672,1,8,2019,7,11,13,0.31,,-0.862127171,3.775536299,,
997,74999,2,8,2019,5,15,13,1.95,,-0.261708823,3.354788065,,
1536,24817,6,20,2019,3,9,12,1.423,,-2.234026667,4.864990234,,
811,67161,1,8,2018,4,29,15,1.31,,1.06218424,2.805089235,,
1538,76266,6,20,2019,3,9,12,2.12,,-2.583093333,5.260896206,,
999,65547,2,8,2019,5,15,13,2.15,,-0.021819295,3.136295557,,
1540,85754,6,20,2019,3,9,12,1.416,,-5.65488,8.36764431,,
1108,54536,1,8,2019,7,11,12,1.35,,1.952041179,0.244096503,,
1542,21935,6,20,2019,3,9,12,1.076,,-1.588253333,4.329535961,,
1001,33959,2,8,2019,5,15,13,2.32,,-0.030584008,3.159334421,,
1544,86623,6,20,2019,3,9,12,1.756,,-1.535893333,4.298873901,,
813,73282,1,8,2018,4,29,15,1.51,,1.52902503,2.367486238,,
1546,78594,6,20,2019,3,9,12,2.097,,-2.652906667,5.437840462,,
1003,36914,2,8,2019,5,15,13,2.6,,-0.010289274,3.074884415,,
1548,44736,6,20,2019,3,9,12,0.279,,-0.20944,3.091474771,,
1062,89489,1,8,2019,7,10,14,1,,-0.754019246,4.005719185,,
1550,26661,6,20,2019,3,9,12,1.661,,-1.692973333,4.61087656,,
1005,91896,2,8,2019,5,15,14,2,,0.555921946,2.867902517,,
1552,32845,6,20,2019,3,9,12,1.875,,-2.740173333,5.397375107,,
815,28884,1,8,2018,4,29,15,1.63,,1.567410088,2.352994204,,
1554,86339,6,20,2019,3,9,12,2.036,,-1.448626667,4.17942524,,
1007,76479,2,8,2019,5,15,14,2.35,,-0.001929981,3.446056128,,
1556,29466,6,20,2019,3,9,12,1.097,,-2.391106667,5.027500153,,
1110,42443,1,8,2019,7,11,12,1.52,,1.873197735,0.327220976,,
1558,12767,6,20,2019,3,9,12,1.621,,-2.076946667,4.72424221,,
1009,49632,2,8,2019,5,15,14,2.3,,0.190861163,3.266714334,,
1560,72784,6,20,2019,3,9,12,2.111,,-0.907573333,3.565826416,,
817,95164,1,8,2018,4,29,15,1.26,,0.49100417,3.434128046,,
1562,12751,6,20,2019,3,9,12,0.428,,-2.164213333,4.833479404,,
1011,74382,2,8,2019,5,15,14,2,,0.034275179,3.436678648,,
1564,55342,6,20,2019,3,9,12,1.112,,-5.724693333,8.399486542,,
1018,13311,1,8,2019,7,10,13,0.8,,2.946056907,-0.055802952,,
1566,82647,6,20,2019,3,9,12,1.641,,-1.902413333,4.593869209,,
1016,78638,2,8,2019,5,15,14,2.26,,0.590041413,2.914034367,,
1017,79558,2,8,2019,5,15,14,2.12,,0.605209443,2.931500912,,
1019,75328,1,8,2019,7,10,13,0.83,,-0.517310733,3.55961442,,
1023,33863,1,8,2019,7,10,13,0.52,,-0.458463837,3.493049145,,
1031,27278,1,8,2019,7,10,13,2.13,,-3.023744719,6.042919636,,
1047,26623,1,8,2019,7,10,13,1.1,,-0.528427512,3.570731163,,
1079,62732,1,8,2019,7,11,12,1.09,,2.254828288,0.031230761,,
1143,12334,1,8,2019,7,11,12,1.05,,2.501442417,-0.131208315,,
884,15541,1,8,2019,4,30,12,1.5,,-0.00147075,2.879889488,,
1691,38997,6,20,2019,5,2,13,0.944,,-4.258613333,7.258586884,,
